{
  "experiment_info": {
    "timestamp": "20260201_192054",
    "dataset": "ENB",
    "target_id": "Y2",
    "target_name": "Cooling_Load",
    "data_file": "run_ENB/data/ENB2012_Cooling_Load.csv",
    "dataset_name": "ENB2012_Cooling_Load",
    "num_epochs": 500,
    "start_ln_blocks": 2,
    "growth_steps": 4,
    "learning_rate": 0.01,
    "l1_reg": 0.0001,
    "l2_reg": 0.0001,
    "reg_change": 0.5,
    "train_iter": 4,
    "round_digits": 3,
    "test_size": 0.2,
    "random_state": 42,
    "normalization": "MinMaxScaler + MIN_POSITIVE (MIN_POSITIVE=0.01) - higher than codes (1e-6) to prevent NaN in log_activation",
    "target_transform": "none (raw values, same as codes/ENB/mtr_ginn_sym.py)",
    "min_positive": 0.01,
    "note": "Only features use higher MIN_POSITIVE (1e-2 vs 1e-6). Targets unchanged (already positive). log_activation unchanged."
  },
  "data_info": {
    "n_features": 8,
    "n_train": 614,
    "n_test": 154,
    "target_range_train": [
      10.9,
      48.03
    ],
    "target_mean_train": 24.410765472312704,
    "target_range_test": [
      11.29,
      46.23
    ],
    "target_mean_test": 25.293441558441558
  },
  "metrics": {
    "MSE": 3.3942771002575682,
    "MAE": 1.340023546838141,
    "RMSE": 1.8423563988158123,
    "MAPE": 4.9219242623085115
  },
  "recovered_equation": "7.223*X_2**1.54*X_3**2.055*X_4**6.079*X_6**0.053/(X_0**4.853*X_1**0.744*X_5**0.004*X_7**0.012) - 0.562*X_1**11.962*X_2**2.755*X_3**0.4*X_4**0.668*X_5**0.008*X_6**0.076*X_7**0.018/X_0**1.544 + 3.927*X_1**0.369*X_6**0.074/(X_0**0.226*X_2**0.046*X_3**0.576*X_4**0.198*X_5**0.003*X_7**0.017) + 1.9*X_0**0.083*X_1**0.143*X_4**0.013*X_5**0.114*X_6**1.991/(X_2**0.118*X_3**0.369*X_7**0.012) - 0.044*X_0**0.653*X_3**1.922*X_5**0.577*X_6**0.876*X_7**0.693/(X_1**0.076*X_2**0.549*X_4**0.269) + 14.744*X_0**2.011*X_1**1.326*X_4**9.849*X_6**0.055/(X_2**1.564*X_3**0.882*X_5**0.004)",
  "model_info": {
    "final_blocks": 6
  }
}