{
  "experiment_info": {
    "timestamp": "20260201_222628",
    "dataset": "ENB",
    "target_id": "Y1",
    "target_name": "Heating_Load",
    "data_file": "run_ENB/data/ENB2012_Heating_Load.csv",
    "dataset_name": "ENB2012_Heating_Load",
    "num_epochs": 500,
    "start_ln_blocks": 2,
    "growth_steps": 10,
    "learning_rate": 0.01,
    "l1_reg": 0.0001,
    "l2_reg": 0.0001,
    "reg_change": 0.5,
    "train_iter": 4,
    "round_digits": 3,
    "test_size": 0.2,
    "random_state": 42,
    "normalization": "MinMaxScaler + MIN_POSITIVE (MIN_POSITIVE=0.01) - higher than codes (1e-6) to prevent NaN in log_activation",
    "target_transform": "none (raw values, same as codes/ENB/mtr_ginn_sym.py)",
    "min_positive": 0.01,
    "note": "Only features use higher MIN_POSITIVE (1e-2 vs 1e-6). Targets unchanged (already positive). log_activation unchanged."
  },
  "data_info": {
    "n_features": 8,
    "n_train": 614,
    "n_test": 154,
    "target_range_train": [
      6.01,
      43.1
    ],
    "target_mean_train": 22.1550325732899,
    "target_range_test": [
      6.37,
      42.96
    ],
    "target_mean_test": 22.913896103896104
  },
  "metrics": {
    "MSE": 0.29311337130334164,
    "MAE": 0.40193491477470883,
    "RMSE": 0.5413994563197692,
    "MAPE": 1.8152160496523875
  },
  "recovered_equation": "4.376*X_2**3.065*X_3**3.344*X_4**8.15*X_5**0.012*X_6**0.008*X_7**0.009/(X_0**7.43*X_1**1.421) + 0.908*X_4**0.119*X_5**0.046*X_6**7.528*X_7**0.157/(X_0**0.216*X_2**0.171*X_3**0.119) + 0.382*X_0**0.089*X_3**0.034*X_4**0.455*X_6**0.421*X_7**0.316/(X_1**0.4*X_2**0.372*X_5**0.028) + 0.531*X_0**0.164*X_1**0.478*X_4**0.146*X_6**0.409/(X_2**0.21*X_3**0.246*X_5**0.003*X_7**0.199) + 1.912*X_0**0.204*X_1**0.422*X_2**0.011*X_6**0.228/(X_3**0.698*X_4**0.48*X_5**0.006*X_7**0.051) + 16.163*X_0**0.294*X_2**0.539*X_3**0.003*X_4**5.341*X_6**0.231/(X_1**0.034*X_5**0.005*X_7**0.056) + 0.917*X_0**0.521*X_1**0.797*X_3**0.011*X_4**0.239*X_5**0.094*X_7**1.041/(X_2**0.017*X_6**0.978) + 0.279*X_0**0.676*X_2**0.151*X_3**1.322*X_4**0.437*X_6**0.258*X_7**2.852/(X_1**0.122*X_5**0.658) + 2.045*X_0**0.784*X_1**7.545*X_2**3.873*X_5**0.01*X_6**0.065*X_7**0.009/(X_3**0.008*X_4**1.307) - 1.053*X_0**1.085*X_2**0.35*X_3**0.682*X_5**0.254*X_6**1.401*X_7**2.711/(X_1**0.303*X_4**0.34) + 0.528*X_0**1.194*X_2**0.357*X_3**0.069*X_5**0.082*X_7**0.487/(X_1**0.113*X_4**0.636*X_6**0.386) + 6.061*X_0**1.257*X_1**1.588*X_4**2.84*X_5**0.006*X_6**0.069/(X_2**1.988*X_3**1.142*X_7**0.005)",
  "model_info": {
    "final_blocks": 12
  }
}